model,filename,actual_class,predicted_class,predicted_index,confidence,top2_class,top2_confidence,top2_margin,all_probabilities
Random Forest,02fec425-7f9e-475c-b093-fe44e41adf91.wav,Unknown,Vehicle Horn,3,0.245,Alarm or Siren,0.225,0.02,"[0.2, 0.03, 0.225, 0.245, 0.065, 0.015, 0.085, 0.055, 0.04, 0.04]"
SVM,02fec425-7f9e-475c-b093-fe44e41adf91.wav,Unknown,Alarm or Siren,2,0.5217,Vehicle Horn,0.3518,0.1699,"[0.0436, 0.0065, 0.5217, 0.3518, 0.0154, 0.0017, 0.0493, 0.0007, 0.0026, 0.0068]"
CNN,02fec425-7f9e-475c-b093-fe44e41adf91.wav,Unknown,Alarm or Siren,2,0.6077,Gunshot,0.12,0.4877,"[0.0337, 0.0955, 0.6077, 0.0945, 0.0043, 0.12, 0.0125, 0.0125, 0.0182, 0.001]"
Random Forest,096aae7f-b0ea-4671-896a-a25618310992.wav,Unknown,Vehicle Horn,3,0.245,Alarm or Siren,0.225,0.02,"[0.2, 0.03, 0.225, 0.245, 0.065, 0.015, 0.085, 0.055, 0.04, 0.04]"
SVM,096aae7f-b0ea-4671-896a-a25618310992.wav,Unknown,Alarm or Siren,2,0.5217,Vehicle Horn,0.3518,0.1699,"[0.0436, 0.0065, 0.5217, 0.3518, 0.0154, 0.0017, 0.0493, 0.0007, 0.0026, 0.0068]"
CNN,096aae7f-b0ea-4671-896a-a25618310992.wav,Unknown,Alarm or Siren,2,0.6077,Gunshot,0.12,0.4877,"[0.0337, 0.0955, 0.6077, 0.0945, 0.0043, 0.12, 0.0125, 0.0125, 0.0182, 0.001]"
Random Forest,17a4e14c-45ea-4f3e-bd6b-06dee2f82957.wav,Unknown,Vehicle Horn,3,0.245,Alarm or Siren,0.225,0.02,"[0.2, 0.03, 0.225, 0.245, 0.065, 0.015, 0.085, 0.055, 0.04, 0.04]"
SVM,17a4e14c-45ea-4f3e-bd6b-06dee2f82957.wav,Unknown,Alarm or Siren,2,0.5217,Vehicle Horn,0.3518,0.1699,"[0.0436, 0.0065, 0.5217, 0.3518, 0.0154, 0.0017, 0.0493, 0.0007, 0.0026, 0.0068]"
CNN,17a4e14c-45ea-4f3e-bd6b-06dee2f82957.wav,Unknown,Alarm or Siren,2,0.6077,Gunshot,0.12,0.4877,"[0.0337, 0.0955, 0.6077, 0.0945, 0.0043, 0.12, 0.0125, 0.0125, 0.0182, 0.001]"
Random Forest,1a912d67-5cc1-427b-9ff0-d5d5ee38f193.wav,Unknown,Vehicle Horn,3,0.205,Alarm or Siren,0.175,0.03,"[0.16, 0.04, 0.175, 0.205, 0.12, 0.0, 0.115, 0.075, 0.035, 0.075]"
SVM,1a912d67-5cc1-427b-9ff0-d5d5ee38f193.wav,Unknown,Alarm or Siren,2,0.5217,Vehicle Horn,0.3518,0.1699,"[0.0436, 0.0065, 0.5217, 0.3518, 0.0154, 0.0017, 0.0493, 0.0007, 0.0026, 0.0068]"
CNN,1a912d67-5cc1-427b-9ff0-d5d5ee38f193.wav,Unknown,Alarm or Siren,2,0.6449,Gunshot,0.1345,0.5104,"[0.0341, 0.0719, 0.6449, 0.0772, 0.0041, 0.1345, 0.0054, 0.0112, 0.0147, 0.002]"
Random Forest,2ed2d61b-7ebb-4a8d-8275-e627bf0b54e1.wav,Unknown,Machinery Fault,0,0.215,Vehicle Horn,0.2,0.015,"[0.215, 0.1, 0.14, 0.2, 0.085, 0.045, 0.025, 0.035, 0.01, 0.145]"
SVM,2ed2d61b-7ebb-4a8d-8275-e627bf0b54e1.wav,Unknown,Alarm or Siren,2,0.4762,Vehicle Horn,0.3821,0.0941,"[0.0565, 0.0114, 0.4762, 0.3821, 0.0153, 0.0017, 0.0465, 0.0007, 0.0027, 0.0069]"
CNN,2ed2d61b-7ebb-4a8d-8275-e627bf0b54e1.wav,Unknown,Alarm or Siren,2,0.5626,Gunshot,0.2006,0.362,"[0.0257, 0.08, 0.5626, 0.1037, 0.0018, 0.2006, 0.0039, 0.0081, 0.0128, 0.0008]"
Random Forest,32a5f456-92ad-4d89-af96-7ad8b1c211f7.wav,Unknown,Vehicle Horn,3,0.245,Alarm or Siren,0.225,0.02,"[0.2, 0.03, 0.225, 0.245, 0.065, 0.015, 0.085, 0.055, 0.04, 0.04]"
SVM,32a5f456-92ad-4d89-af96-7ad8b1c211f7.wav,Unknown,Alarm or Siren,2,0.5217,Vehicle Horn,0.3518,0.1699,"[0.0436, 0.0065, 0.5217, 0.3518, 0.0154, 0.0017, 0.0493, 0.0007, 0.0026, 0.0068]"
CNN,32a5f456-92ad-4d89-af96-7ad8b1c211f7.wav,Unknown,Alarm or Siren,2,0.6077,Gunshot,0.12,0.4877,"[0.0337, 0.0955, 0.6077, 0.0945, 0.0043, 0.12, 0.0125, 0.0125, 0.0182, 0.001]"
Random Forest,3c2e33a0-4d72-4ac1-b4cb-24ba9232807f.wav,Unknown,Alarm or Siren,2,0.29,Vehicle Horn,0.175,0.115,"[0.135, 0.055, 0.29, 0.175, 0.13, 0.015, 0.06, 0.05, 0.02, 0.07]"
SVM,3c2e33a0-4d72-4ac1-b4cb-24ba9232807f.wav,Unknown,Alarm or Siren,2,0.5136,Vehicle Horn,0.3577,0.1559,"[0.0456, 0.0072, 0.5136, 0.3577, 0.0154, 0.0017, 0.0488, 0.0007, 0.0026, 0.0068]"
CNN,3c2e33a0-4d72-4ac1-b4cb-24ba9232807f.wav,Unknown,Alarm or Siren,2,0.7346,Gunshot,0.1055,0.6291,"[0.0217, 0.0668, 0.7346, 0.0516, 0.002, 0.1055, 0.003, 0.0077, 0.0063, 0.0008]"
Random Forest,4b1af173-be2d-4a17-83f6-b586d661445a.wav,Unknown,Vehicle Horn,3,0.215,Machinery Fault,0.215,0.0,"[0.215, 0.08, 0.12, 0.215, 0.115, 0.075, 0.005, 0.02, 0.005, 0.15]"
SVM,4b1af173-be2d-4a17-83f6-b586d661445a.wav,Unknown,Alarm or Siren,2,0.4609,Vehicle Horn,0.3935,0.0674,"[0.0556, 0.0165, 0.4609, 0.3935, 0.0153, 0.0018, 0.046, 0.0007, 0.0027, 0.007]"
CNN,4b1af173-be2d-4a17-83f6-b586d661445a.wav,Unknown,Alarm or Siren,2,0.8409,Gunshot,0.0929,0.748,"[0.0165, 0.0089, 0.8409, 0.0385, 0.0001, 0.0929, 0.0003, 0.0007, 0.0009, 0.0002]"
Random Forest,77591265-5e2c-4730-be19-d9a4667d5c28.wav,Unknown,Vehicle Horn,3,0.245,Alarm or Siren,0.225,0.02,"[0.2, 0.03, 0.225, 0.245, 0.065, 0.015, 0.085, 0.055, 0.04, 0.04]"
SVM,77591265-5e2c-4730-be19-d9a4667d5c28.wav,Unknown,Alarm or Siren,2,0.5217,Vehicle Horn,0.3518,0.1699,"[0.0436, 0.0065, 0.5217, 0.3518, 0.0154, 0.0017, 0.0493, 0.0007, 0.0026, 0.0068]"
CNN,77591265-5e2c-4730-be19-d9a4667d5c28.wav,Unknown,Alarm or Siren,2,0.6077,Gunshot,0.12,0.4877,"[0.0337, 0.0955, 0.6077, 0.0945, 0.0043, 0.12, 0.0125, 0.0125, 0.0182, 0.001]"
Random Forest,7b17a5c8-c65f-459b-8f24-51ebcc261e8c.wav,Unknown,Alarm or Siren,2,0.39,Panic Scream,0.15,0.24,"[0.09, 0.01, 0.39, 0.14, 0.095, 0.005, 0.15, 0.03, 0.02, 0.07]"
SVM,7b17a5c8-c65f-459b-8f24-51ebcc261e8c.wav,Unknown,Alarm or Siren,2,0.5217,Vehicle Horn,0.3518,0.1699,"[0.0436, 0.0065, 0.5217, 0.3518, 0.0154, 0.0017, 0.0493, 0.0007, 0.0026, 0.0068]"
CNN,7b17a5c8-c65f-459b-8f24-51ebcc261e8c.wav,Unknown,Alarm or Siren,2,0.9457,Gunshot,0.0339,0.9118,"[0.0033, 0.0094, 0.9457, 0.0058, 0.0002, 0.0339, 0.0003, 0.0009, 0.0003, 0.0]"
