file,channels,sample_rate_hz,frames,sample_width_bytes
8e9f9506-b69f-4841-899b-60382976b9b6.wav,1,16000,32000,2
77591265-5e2c-4730-be19-d9a4667d5c28.wav,1,16000,32000,2
096aae7f-b0ea-4671-896a-a25618310992.wav,1,16000,32000,2
a4414ffa-4d9f-46ed-aa56-d4144ee94747.wav,1,16000,32000,2
02fec425-7f9e-475c-b093-fe44e41adf91.wav,1,16000,32000,2
17a4e14c-45ea-4f3e-bd6b-06dee2f82957.wav,1,16000,32000,2
32a5f456-92ad-4d89-af96-7ad8b1c211f7.wav,1,16000,32000,2
b6f9bba2-5f61-45d2-8175-e57868672420.wav,1,16000,32000,2
9368f46b-193f-4455-a566-f1090026b194.wav,1,16000,32000,2
bba5184e-ad6f-4e85-aa4a-06539b0c32c5.wav,1,16000,32000,2
89f42d53-0cfa-401c-8791-07d10bc3e281.wav,1,16000,16000,2
9da79cc5-f6db-4290-bb7f-aee016a60319.wav,1,16000,9600,2
f6e9483e-a0d6-4f89-8a86-ca1aa5de4791.wav,1,16000,16000,2
1a912d67-5cc1-427b-9ff0-d5d5ee38f193.wav,1,16000,9600,2
